시도,시군구,발생년도,2018,2018,2018,2018,2018,2018,2018,2018,2018,2018,2018,2018,2018
시도,시군구,발생년도,합계,01월,02월,03월,04월,05월,06월,07월,08월,09월,10월,11월,12월
합계,합계,사고건수,"217,148","17,026","16,208","17,022","17,992","18,636","18,082","18,699","18,335","18,371","19,738","19,029","18,010"
합계,합계,사망자수,"3,781",304,275,310,303,309,266,315,357,348,373,298,323
합계,합계,부상자수,"323,037","25,438","24,630","25,015","26,643","27,834","26,574","28,104","27,749","27,751","28,836","28,000","26,463"
서울,합계,사고건수,"38,795","3,192","2,973","3,072","3,219","3,454","3,253","3,321","3,203","3,144","3,500","3,243","3,221"
서울,합계,사망자수,304,30,28,28,24,22,21,29,27,20,21,30,24
서울,합계,부상자수,"53,751","4,490","4,178","4,288","4,375","4,795","4,452","4,588","4,528","4,335","4,752","4,499","4,471"
서울,종로구,사고건수,"1,134",103,84,101,93,102,96,89,90,91,113,75,97
서울,종로구,사망자수,6,0,1,0,0,1,1,0,0,1,0,1,1
서울,종로구,부상자수,"1,546",133,111,149,114,143,123,128,127,133,166,100,119
서울,중구,사고건수,"1,128",104,95,106,84,105,103,80,85,77,102,93,94
서울,중구,사망자수,9,1,2,1,1,1,0,0,1,0,0,1,1
서울,중구,부상자수,"1,506",143,116,141,130,134,129,116,117,93,128,131,128
서울,용산구,사고건수,"1,330",100,104,102,123,134,105,114,118,102,125,100,103
서울,용산구,사망자수,14,3,1,0,0,2,3,1,1,1,1,0,1
서울,용산구,부상자수,"1,852",140,149,160,162,182,142,145,169,137,185,132,149
서울,성동구,사고건수,"1,143",81,91,99,88,112,92,103,91,94,113,104,75
서울,성동구,사망자수,9,3,0,2,0,0,1,1,0,1,0,1,0
서울,성동구,부상자수,"1,561",110,122,144,113,166,124,135,129,121,157,134,106
서울,동대문구,사고건수,"1,699",142,131,128,135,150,146,152,135,148,151,133,148
서울,동대문구,사망자수,14,0,1,3,2,0,1,0,0,2,2,2,1
서울,동대문구,부상자수,"2,160",185,162,163,166,205,184,182,185,175,184,181,188
서울,성북구,사고건수,"1,427",147,116,117,109,139,108,107,105,117,131,104,127
서울,성북구,사망자수,14,0,2,1,1,0,2,0,2,1,3,0,2
서울,성북구,부상자수,"1,980",194,168,160,178,210,152,142,161,152,162,128,173
서울,도봉구,사고건수,824,67,61,53,63,86,78,76,77,69,82,53,59
서울,도봉구,사망자수,6,0,1,0,0,1,1,1,0,0,2,0,0
서울,도봉구,부상자수,"1,061",84,76,59,84,102,90,93,102,90,109,89,83
서울,은평구,사고건수,"1,134",79,81,73,92,90,102,101,107,112,102,94,101
서울,은평구,사망자수,12,1,1,1,1,0,0,1,1,3,1,0,2
서울,은평구,부상자수,"1,580",106,146,104,119,123,133,138,149,135,136,126,165
서울,서대문구,사고건수,"1,033",71,79,83,101,87,83,86,81,86,102,82,92
서울,서대문구,사망자수,5,0,1,0,2,2,0,0,0,0,0,0,0
서울,서대문구,부상자수,"1,403",106,110,101,137,120,106,114,109,118,141,123,118
서울,마포구,사고건수,"1,671",153,137,127,129,144,141,140,124,153,148,148,127
서울,마포구,사망자수,11,0,1,1,1,3,0,0,2,0,2,1,0
서울,마포구,부상자수,"2,429",229,217,178,181,193,215,228,185,227,202,203,171
서울,강서구,사고건수,"1,502",134,134,109,124,103,131,115,141,116,122,146,127
서울,강서구,사망자수,11,3,0,0,0,1,2,0,2,1,0,0,2
서울,강서구,부상자수,"2,208",210,177,164,206,155,189,173,228,169,156,208,173
서울,구로구,사고건수,"1,532",103,118,124,114,137,126,148,117,142,147,128,128
서울,구로구,사망자수,13,3,1,0,1,0,0,1,1,1,0,2,3
서울,구로구,부상자수,"2,129",162,182,167,159,176,177,206,150,209,195,179,167
서울,영등포구,사고건수,"2,493",222,185,193,197,196,221,195,223,221,207,220,213
서울,영등포구,사망자수,22,2,3,2,1,2,1,2,3,1,3,2,0
서울,영등포구,부상자수,"3,532",316,261,274,269,277,309,283,310,325,279,313,316
서울,동작구,사고건수,"1,412",92,109,89,133,125,133,110,134,122,126,113,126
서울,동작구,사망자수,9,1,2,0,3,1,1,1,0,0,0,0,0
서울,동작구,부상자수,"1,892",109,148,126,179,176,179,150,169,167,174,144,171
서울,관악구,사고건수,"1,300",102,108,107,113,119,100,107,115,103,106,115,105
서울,관악구,사망자수,8,1,0,2,0,0,0,0,3,1,0,0,1
서울,관악구,부상자수,"1,717",130,138,139,148,155,126,148,161,144,149,144,135
서울,강남구,사고건수,"3,459",316,249,278,283,288,288,326,301,249,297,292,292
서울,강남구,사망자수,20,1,1,3,1,0,0,2,3,2,2,2,3
서울,강남구,부상자수,"4,967",456,369,393,411,404,436,427,438,356,403,447,427
서울,강동구,사고건수,"1,418",85,100,118,124,123,119,124,120,121,138,114,132
서울,강동구,사망자수,12,1,1,2,2,1,0,2,0,0,0,3,0
서울,강동구,부상자수,"1,922",101,136,157,152,190,178,171,161,159,189,135,193
서울,송파구,사고건수,"2,860",224,191,212,265,266,248,288,220,202,273,236,235
서울,송파구,사망자수,27,4,2,2,4,2,2,5,2,0,1,3,0
서울,송파구,부상자수,"3,932",320,266,290,365,352,336,396,309,283,364,333,318
서울,서초구,사고건수,"2,478",229,187,227,180,203,185,208,200,210,213,223,213
서울,서초구,사망자수,18,1,2,1,1,3,0,1,1,4,0,2,2
서울,서초구,부상자수,"3,640",321,297,331,246,310,271,312,296,287,313,337,319
서울,양천구,사고건수,"1,428",114,106,128,115,137,130,125,123,87,140,113,110
서울,양천구,사망자수,11,0,1,1,0,1,1,1,0,1,1,3,1
서울,양천구,부상자수,"1,939",179,140,171,141,201,180,166,176,112,181,141,151
서울,중랑구,사고건수,"1,565",125,125,116,121,151,130,144,112,124,154,139,124
서울,중랑구,사망자수,10,1,1,3,0,1,0,0,2,0,0,2,0
서울,중랑구,부상자수,"2,135",183,169,140,159,213,180,188,153,183,227,182,158
서울,노원구,사고건수,"1,569",132,125,125,141,142,126,115,111,140,128,130,154
서울,노원구,사망자수,14,2,1,1,1,0,4,2,1,0,1,1,0
서울,노원구,부상자수,"2,227",176,164,217,180,193,155,178,169,218,179,172,226
서울,광진구,사고건수,"1,108",90,84,73,100,101,109,95,101,82,92,111,70
서울,광진구,사망자수,10,1,0,1,0,0,0,3,1,0,0,1,3
서울,광진구,부상자수,"1,474",119,111,101,126,134,140,130,136,107,135,148,87
서울,강북구,사고건수,"1,216",102,103,96,99,125,93,89,102,104,107,97,99
서울,강북구,사망자수,13,0,2,1,1,0,1,3,1,0,2,1,1
서울,강북구,부상자수,"1,633",160,139,135,136,158,118,133,136,129,128,123,138
서울,금천구,사고건수,932,75,70,88,93,89,60,84,70,72,81,80,70
서울,금천구,사망자수,6,1,0,0,1,0,0,2,0,0,0,2,0
서울,금천구,부상자수,"1,326",118,104,124,114,123,80,106,103,106,110,146,92
부산,합계,사고건수,"11,937",965,859,"1,019",963,"1,016",969,"1,030","1,021","1,007","1,029","1,039","1,020"
부산,합계,사망자수,123,10,9,15,12,11,6,14,9,13,13,4,7
부산,합계,부상자수,"16,468","1,325","1,215","1,425","1,317","1,456","1,297","1,487","1,354","1,428","1,369","1,422","1,373"
부산,중구,사고건수,393,29,23,23,31,45,38,37,29,37,35,23,43
부산,중구,사망자수,3,0,0,0,1,0,0,0,0,1,1,0,0
부산,중구,부상자수,523,38,27,25,45,59,42,61,48,50,41,34,53
부산,서구,사고건수,452,41,35,40,37,31,47,43,22,28,40,51,37
부산,서구,사망자수,6,1,0,1,0,1,0,0,0,1,2,0,0
부산,서구,부상자수,627,53,49,60,47,54,66,63,25,34,51,67,58
부산,동구,사고건수,587,45,34,50,43,46,51,42,56,58,66,53,43
부산,동구,사망자수,3,0,0,0,0,1,0,1,1,0,0,0,0
부산,동구,부상자수,812,60,51,58,58,75,63,58,79,89,87,73,61
부산,영도구,사고건수,332,26,23,26,23,23,29,28,32,22,31,34,35
부산,영도구,사망자수,5,0,1,1,1,0,0,0,0,1,1,0,0
부산,영도구,부상자수,423,41,26,31,26,36,37,38,34,24,36,52,42
부산,진구,사고건수,"1,625",154,127,144,118,138,130,140,142,161,134,119,118
부산,진구,사망자수,18,2,2,1,0,4,2,1,0,2,2,0,2
부산,진구,부상자수,"2,179",212,180,216,174,183,172,176,170,223,172,156,145
부산,동래구,사고건수,952,77,84,81,67,103,78,87,77,77,84,66,71
부산,동래구,사망자수,6,0,0,1,0,0,1,2,1,0,1,0,0
부산,동래구,부상자수,"1,303",110,120,107,76,162,114,133,103,97,103,85,93
부산,남구,사고건수,797,73,54,74,71,71,60,57,73,62,58,72,72
부산,남구,사망자수,9,0,0,2,3,0,1,0,1,0,2,0,0
부산,남구,부상자수,"1,038",98,79,94,95,85,82,75,87,78,75,93,97
부산,북구,사고건수,688,53,53,52,66,54,53,70,52,53,66,62,54
부산,북구,사망자수,6,0,2,0,0,1,0,0,3,0,0,0,0
부산,북구,부상자수,934,70,64,80,93,62,74,117,63,68,89,79,75
부산,해운대구,사고건수,"1,018",84,72,93,89,90,74,90,95,74,103,73,81
부산,해운대구,사망자수,12,1,1,1,3,1,1,1,1,0,1,1,0
부산,해운대구,부상자수,"1,452",123,102,125,131,141,98,129,136,113,133,98,123
부산,사하구,사고건수,"1,003",80,70,88,90,85,74,79,87,89,68,93,100
부산,사하구,사망자수,3,1,0,0,1,0,0,0,0,0,0,0,1
부산,사하구,부상자수,"1,378",101,95,137,117,112,99,112,143,130,82,118,132
부산,금정구,사고건수,792,45,50,59,62,75,63,66,74,67,62,96,73
부산,금정구,사망자수,7,0,1,3,1,0,0,0,0,1,1,0,0
부산,금정구,부상자수,"1,065",64,70,71,83,98,85,89,94,93,99,127,92
부산,강서구,사고건수,584,45,37,53,56,41,39,51,44,50,54,63,51
부산,강서구,사망자수,15,0,1,4,0,2,0,3,1,3,0,1,0
부산,강서구,부상자수,877,70,55,80,71,63,53,84,63,95,70,97,76
부산,연제구,사고건수,657,53,49,65,51,50,61,61,56,47,49,63,52
부산,연제구,사망자수,5,0,0,1,0,0,1,1,0,0,0,0,2
부산,연제구,부상자수,863,64,68,85,68,67,78,79,68,65,68,92,61
부산,수영구,사고건수,710,49,58,60,49,59,50,74,62,67,60,62,60
부산,수영구,사망자수,2,1,0,0,0,0,0,0,0,0,0,0,1
부산,수영구,부상자수,"1,004",71,90,90,71,76,68,112,84,88,85,90,79
부산,사상구,사고건수,914,73,58,76,74,69,80,74,83,83,84,77,83
부산,사상구,사망자수,15,3,1,0,2,0,0,3,0,3,1,2,0
부산,사상구,부상자수,"1,320",87,84,114,105,119,103,114,110,134,122,110,118
부산,기장군,사고건수,433,38,32,35,36,36,42,31,37,32,35,32,47
부산,기장군,사망자수,8,1,0,0,0,1,0,2,1,1,1,0,1
부산,기장군,부상자수,670,63,55,52,57,64,63,47,47,47,56,51,68
대구,합계,사고건수,"13,199","1,044",908,"1,030","1,105","1,165","1,116","1,152","1,130","1,122","1,131","1,198","1,098"
대구,합계,사망자수,120,11,13,13,9,13,6,10,11,8,9,4,13
대구,합계,부상자수,"19,332","1,482","1,292","1,490","1,660","1,708","1,596","1,717","1,682","1,690","1,666","1,761","1,588"
대구,중구,사고건수,"1,020",78,86,78,80,93,91,84,84,98,83,74,91
대구,중구,사망자수,5,0,0,0,1,0,0,1,1,1,1,0,0
대구,중구,부상자수,"1,472",101,123,122,123,131,131,121,127,127,122,99,145
대구,동구,사고건수,"1,718",135,115,123,150,164,149,135,140,153,158,153,143
대구,동구,사망자수,20,3,0,1,3,0,1,2,2,2,2,0,4
대구,동구,부상자수,"2,444",172,162,177,205,234,212,204,198,238,229,226,187
대구,서구,사고건수,"1,250",101,89,103,109,98,114,99,101,83,117,125,111
대구,서구,사망자수,17,1,2,2,0,3,1,1,1,1,1,2,2
대구,서구,부상자수,"1,773",141,124,138,160,137,153,168,130,126,168,161,167
대구,남구,사고건수,859,67,66,68,63,74,70,80,77,76,73,68,77
대구,남구,사망자수,5,1,0,1,0,0,0,0,0,0,1,1,1
대구,남구,부상자수,"1,257",98,97,99,93,107,96,122,121,103,109,103,109
대구,북구,사고건수,"2,358",182,161,170,188,212,186,208,215,221,191,218,206
대구,북구,사망자수,25,2,3,2,2,4,2,1,1,2,1,0,5
대구,북구,부상자수,"3,414",260,229,240,275,282,280,286,343,335,264,325,295
대구,수성구,사고건수,"2,016",164,123,168,180,176,161,187,172,159,179,176,171
대구,수성구,사망자수,20,2,3,4,3,3,0,1,2,1,1,0,0
대구,수성구,부상자수,"3,064",233,181,244,282,300,235,294,251,262,283,264,235
대구,달서구,사고건수,"3,110",243,208,255,259,278,255,283,268,256,263,297,245
대구,달서구,사망자수,13,1,2,3,0,2,0,1,1,0,1,1,1
대구,달서구,부상자수,"4,629",378,284,383,411,407,371,419,406,375,391,443,361
대구,달성군,사고건수,868,74,60,65,76,70,90,76,73,76,67,87,54
대구,달성군,사망자수,15,1,3,0,0,1,2,3,3,1,1,0,0
대구,달성군,부상자수,"1,279",99,92,87,111,110,118,103,106,124,100,140,89
인천,합계,사고건수,"7,632",694,636,585,613,666,606,671,598,679,674,611,599
인천,합계,사망자수,113,14,9,7,10,2,4,13,12,10,13,11,8
인천,합계,부상자수,"10,976",991,979,868,885,955,869,919,893,976,980,828,833
인천,중구,사고건수,493,33,38,25,42,52,39,51,42,43,44,44,40
인천,중구,사망자수,14,2,2,0,2,1,0,2,0,2,0,2,1
인천,중구,부상자수,787,45,48,33,74,81,74,73,74,76,76,66,67
인천,동구,사고건수,156,15,13,10,8,9,15,20,18,15,15,10,8
인천,동구,사망자수,2,1,0,0,0,0,0,0,0,0,1,0,0
인천,동구,부상자수,216,21,22,18,8,9,20,23,27,24,16,15,13
인천,남구,사고건수,"1,127",116,85,91,87,103,93,82,82,112,103,90,83
인천,남구,사망자수,17,0,2,1,0,0,0,3,4,0,3,1,3
인천,남구,부상자수,"1,590",171,127,126,117,149,123,132,122,147,156,116,104
인천,부평구,사고건수,"1,109",115,116,89,97,90,81,104,71,80,88,92,86
인천,부평구,사망자수,10,3,1,1,2,0,0,0,0,0,3,0,0
인천,부평구,부상자수,"1,585",168,177,143,138,128,115,135,98,113,113,141,116
인천,남동구,사고건수,"1,707",146,139,122,139,142,152,143,123,176,148,135,142
인천,남동구,사망자수,11,2,0,1,1,0,1,1,0,2,0,1,2
인천,남동구,부상자수,"2,509",213,235,180,188,214,229,199,197,252,222,177,203
인천,서구,사고건수,"1,314",135,114,111,86,113,108,103,116,111,109,102,106
인천,서구,사망자수,19,2,2,1,0,0,0,2,3,3,1,4,1
인천,서구,부상자수,"1,823",178,167,155,138,150,141,140,162,161,147,126,158
인천,연수구,사고건수,687,55,59,62,64,58,42,61,56,59,61,58,52
인천,연수구,사망자수,17,1,1,1,2,0,2,1,1,2,3,3,0
인천,연수구,부상자수,978,74,88,104,92,84,60,72,83,89,82,73,77
인천,계양구,사고건수,802,63,61,59,71,73,61,75,70,61,76,63,69
인천,계양구,사망자수,14,2,1,1,1,0,0,3,4,0,1,0,1
인천,계양구,부상자수,"1,135",100,104,75,105,103,88,96,95,83,121,85,80
인천,강화군,사고건수,202,15,11,12,16,21,12,26,19,21,24,14,11
인천,강화군,사망자수,7,1,0,1,2,1,0,1,0,0,1,0,0
인천,강화군,부상자수,300,20,11,28,21,29,16,41,33,30,36,22,13
인천,옹진군,사고건수,35,1,-,4,3,5,3,6,1,1,6,3,2
인천,옹진군,사망자수,2,0,-,0,0,0,1,0,0,1,0,0,0
인천,옹진군,부상자수,53,1,-,6,4,8,3,8,2,1,11,7,2
광주,합계,사고건수,"7,459",562,515,607,598,645,618,639,639,643,666,672,655
광주,합계,사망자수,76,7,5,5,9,6,5,7,5,4,12,7,4
광주,합계,부상자수,"11,977",924,830,973,940,"1,010","1,059","1,093","1,064","1,009","1,053","1,009","1,013"
광주,동구,사고건수,509,28,33,43,38,38,49,37,45,46,47,62,43
광주,동구,사망자수,3,0,0,0,0,0,0,1,0,0,1,0,1
광주,동구,부상자수,767,34,53,58,60,65,95,53,64,59,65,99,62
광주,서구,사고건수,"1,952",166,140,158,151,177,139,178,151,188,176,156,172
광주,서구,사망자수,11,2,1,0,2,0,1,2,0,0,2,0,1
광주,서구,부상자수,"3,170",271,230,288,246,272,235,289,259,298,280,226,276
광주,북구,사고건수,"2,269",162,151,189,188,209,197,196,183,200,197,209,188
광주,북구,사망자수,25,2,2,1,2,2,1,3,2,2,3,4,1
광주,북구,부상자수,"3,647",268,231,283,299,330,346,353,308,318,313,316,282
광주,광산구,사고건수,"1,960",149,137,152,150,157,166,164,192,154,177,182,180
광주,광산구,사망자수,26,2,1,2,5,4,2,1,1,0,4,3,1
광주,광산구,부상자수,"3,219",268,239,254,239,250,277,306,313,252,291,264,266
광주,남구,사고건수,769,57,54,65,71,64,67,64,68,55,69,63,72
광주,남구,사망자수,11,1,1,2,0,0,1,0,2,2,2,0,0
광주,남구,부상자수,"1,174",83,77,90,96,93,106,92,120,82,104,104,127
대전,합계,사고건수,"7,554",547,567,599,622,630,645,617,673,623,684,709,638
대전,합계,사망자수,93,11,7,9,8,11,5,4,6,9,11,6,6
대전,합계,부상자수,"11,432",805,882,901,877,940,"1,036",942,"1,022",942,"1,028","1,068",989
대전,동구,사고건수,"1,258",76,67,103,105,114,113,102,118,112,127,104,117
대전,동구,사망자수,24,3,2,1,2,2,1,2,1,3,3,2,2
대전,동구,부상자수,"1,811",114,91,138,138,159,203,140,167,160,188,142,171
대전,중구,사고건수,"1,128",89,80,93,95,85,89,86,107,103,103,110,88
대전,중구,사망자수,12,2,2,2,1,2,0,0,0,0,1,0,2
대전,중구,부상자수,"1,657",123,113,129,129,126,127,126,157,184,148,158,137
대전,서구,사고건수,"2,310",185,193,172,187,191,181,201,198,178,202,225,197
대전,서구,사망자수,22,2,2,0,3,2,2,2,2,2,3,1,1
대전,서구,부상자수,"3,476",275,292,259,271,259,287,324,307,265,289,340,308
대전,유성구,사고건수,"1,961",126,150,156,165,166,169,159,168,155,183,178,186
대전,유성구,사망자수,22,1,0,4,2,4,1,0,2,3,3,1,1
대전,유성구,부상자수,"3,201",192,286,263,245,279,278,260,268,234,299,288,309
대전,대덕구,사고건수,897,71,77,75,70,74,93,69,82,75,69,92,50
대전,대덕구,사망자수,13,3,1,2,0,1,1,0,1,1,1,2,0
대전,대덕구,부상자수,"1,287",101,100,112,94,117,141,92,123,99,104,140,64
울산,합계,사고건수,"3,992",341,313,364,330,318,337,297,328,318,390,336,320
울산,합계,사망자수,79,8,5,10,7,9,6,5,8,6,4,8,3
울산,합계,부상자수,"5,777",461,445,468,518,460,476,435,465,492,595,495,467
울산,중구,사고건수,769,74,51,70,74,66,75,59,58,61,66,69,46
울산,중구,사망자수,10,2,2,1,1,1,0,1,0,0,0,2,0
울산,중구,부상자수,"1,080",92,74,98,123,90,113,79,71,93,96,87,64
울산,남구,사고건수,"1,254",123,113,104,100,108,103,93,89,99,126,97,99
울산,남구,사망자수,23,3,2,2,3,3,1,2,2,3,0,1,1
울산,남구,부상자수,"1,757",179,146,122,128,171,139,129,121,157,178,139,148
울산,동구,사고건수,507,45,45,59,43,29,39,31,46,40,43,44,43
울산,동구,사망자수,6,0,1,2,0,0,0,0,1,0,0,2,0
울산,동구,부상자수,641,58,57,68,51,37,53,39,53,52,60,54,59
울산,북구,사고건수,632,45,33,62,47,53,50,45,61,48,76,53,59
울산,북구,사망자수,16,0,0,4,3,2,2,0,3,0,1,0,1
울산,북구,부상자수,991,60,45,76,112,71,72,79,108,68,130,90,80
울산,울주군,사고건수,830,54,71,69,66,62,70,69,74,70,79,73,73
울산,울주군,사망자수,24,3,0,1,0,3,3,2,2,3,3,3,1
울산,울주군,부상자수,"1,308",72,123,104,104,91,99,109,112,122,131,125,116
세종,합계,사고건수,795,57,73,81,88,76,69,62,52,50,65,65,57
세종,합계,사망자수,20,4,0,4,2,2,3,0,1,4,0,0,0
세종,합계,부상자수,"1,142",88,115,106,112,120,106,85,85,61,90,91,83
세종,세종,사고건수,795,57,73,81,88,76,69,62,52,50,65,65,57
세종,세종,사망자수,20,4,0,4,2,2,3,0,1,4,0,0,0
세종,세종,부상자수,"1,142",88,115,106,112,120,106,85,85,61,90,91,83
경기,합계,사고건수,"53,448","4,405","4,327","3,932","4,327","4,445","4,397","4,610","4,359","4,504","4,845","4,765","4,532"
경기,합계,사망자수,678,61,44,56,52,60,56,51,67,59,61,46,65
경기,합계,부상자수,"81,174","6,760","6,804","5,925","6,593","6,751","6,441","7,132","6,724","6,970","7,178","7,141","6,755"
경기,수원시,사고건수,"4,997",406,470,385,392,463,416,390,382,425,464,425,379
경기,수원시,사망자수,39,1,2,2,3,2,4,2,4,4,6,7,2
경기,수원시,부상자수,"7,148",556,709,520,543,676,598,560,533,616,664,616,557
경기,성남시,사고건수,"3,834",392,338,261,350,315,315,333,287,295,337,302,309
경기,성남시,사망자수,37,5,2,4,4,1,4,1,3,2,5,3,3
경기,성남시,부상자수,"5,635",569,541,398,513,461,440,475,393,424,514,491,416
경기,의정부시,사고건수,"1,682",191,146,98,137,138,130,129,103,143,151,161,155
경기,의정부시,사망자수,19,0,4,3,2,0,2,1,0,1,1,1,4
경기,의정부시,부상자수,"2,401",308,214,124,171,192,171,202,170,235,211,210,193
경기,안양시,사고건수,"1,618",139,126,130,135,133,141,132,123,145,146,146,122
경기,안양시,사망자수,14,0,2,3,1,2,0,1,0,1,1,2,1
경기,안양시,부상자수,"2,356",209,166,185,213,195,183,198,194,232,220,186,175
경기,부천시,사고건수,"3,236",228,224,254,244,271,270,296,296,270,293,295,295
경기,부천시,사망자수,22,1,1,2,0,2,0,3,4,4,2,0,3
경기,부천시,부상자수,"4,550",329,324,397,333,378,367,423,433,391,372,403,400
경기,안산시,사고건수,"3,878",352,322,278,302,336,295,321,329,338,331,356,318
경기,안산시,사망자수,42,9,4,2,4,4,2,3,4,3,3,1,3
경기,안산시,부상자수,"5,909",559,513,444,430,522,416,475,479,516,511,558,486
경기,평택시,사고건수,"3,388",248,245,275,278,267,298,291,277,271,325,303,310
경기,평택시,사망자수,51,4,3,5,6,3,3,3,7,4,4,3,6
경기,평택시,부상자수,"5,465",410,441,465,456,422,463,509,448,450,475,465,461
경기,광명시,사고건수,"1,076",78,85,84,100,78,85,85,100,98,87,97,99
경기,광명시,사망자수,12,0,3,2,1,0,2,0,0,0,2,2,0
경기,광명시,부상자수,"1,520",102,121,125,142,105,122,128,154,136,120,132,133
경기,구리시,사고건수,668,53,48,50,46,64,49,71,56,61,50,56,64
경기,구리시,사망자수,11,0,0,1,1,2,0,1,2,1,0,0,3
경기,구리시,부상자수,966,76,80,69,70,84,79,102,80,81,66,88,91
경기,양주시,사고건수,"1,094",79,63,83,91,92,90,114,79,86,116,102,99
경기,양주시,사망자수,19,3,1,2,0,0,0,2,3,2,2,1,3
경기,양주시,부상자수,"1,629",109,83,110,133,151,136,164,139,149,178,142,135
경기,여주시,사고건수,513,46,29,40,45,32,41,34,41,43,67,43,52
경기,여주시,사망자수,14,1,1,2,1,1,2,0,2,1,1,0,2
경기,여주시,부상자수,814,69,48,64,90,51,62,48,59,74,94,77,78
경기,화성시,사고건수,"2,716",219,181,207,208,220,217,258,217,237,240,279,233
경기,화성시,사망자수,59,8,2,7,6,7,1,2,6,6,9,5,0
경기,화성시,부상자수,"4,257",345,268,310,330,350,331,400,346,362,363,471,381
경기,시흥시,사고건수,"2,434",184,177,184,204,204,219,214,187,197,223,219,222
경기,시흥시,사망자수,29,2,1,0,4,5,6,2,4,2,1,1,1
경기,시흥시,부상자수,"3,652",265,270,264,303,308,331,322,275,296,344,310,364
경기,파주시,사고건수,"1,693",155,170,121,131,128,129,140,147,119,145,160,148
경기,파주시,사망자수,22,0,3,2,2,2,0,1,3,0,3,3,3
경기,파주시,부상자수,"2,585",245,272,183,190,219,184,229,229,192,197,212,233
경기,고양시,사고건수,"3,950",388,410,298,321,289,299,311,321,317,326,335,335
경기,고양시,사망자수,38,6,2,0,2,3,3,3,4,4,6,2,3
경기,고양시,부상자수,"5,889",569,639,428,517,397,416,450,508,474,497,515,479
경기,광주시,사고건수,"1,691",131,131,112,134,134,132,148,137,158,154,163,157
경기,광주시,사망자수,19,0,0,4,0,2,1,3,3,3,1,1,1
경기,광주시,부상자수,"2,622",208,219,169,236,206,191,224,235,239,213,248,234
경기,연천군,사고건수,189,15,16,13,12,14,20,17,13,21,19,6,23
경기,연천군,사망자수,6,0,0,0,0,2,1,0,1,0,1,0,1
경기,연천군,부상자수,313,30,23,16,25,15,31,43,21,35,31,9,34
경기,포천시,사고건수,832,63,48,68,70,61,73,82,81,71,82,70,63
경기,포천시,사망자수,16,2,1,1,2,1,3,1,0,3,1,1,0
경기,포천시,부상자수,"1,413",124,66,117,113,118,123,138,146,121,123,115,109
경기,가평군,사고건수,380,21,24,27,28,43,31,47,56,30,28,24,21
경기,가평군,사망자수,11,2,1,2,1,2,1,1,1,0,0,0,0
경기,가평군,부상자수,682,41,44,45,47,81,52,93,101,51,55,38,34
경기,양평군,사고건수,532,28,44,30,43,43,40,57,54,63,53,51,26
경기,양평군,사망자수,15,2,0,1,0,3,2,2,0,3,0,0,2
경기,양평군,부상자수,826,40,84,40,78,60,56,87,86,99,83,80,33
경기,이천시,사고건수,"1,016",81,74,85,86,73,93,86,89,96,75,101,77
경기,이천시,사망자수,19,4,1,1,2,0,0,2,2,1,2,3,1
경기,이천시,부상자수,"1,626",126,116,147,140,131,142,121,149,139,127,169,119
경기,용인시,사고건수,"3,205",216,277,235,279,268,240,268,251,276,307,288,300
경기,용인시,사망자수,37,0,3,3,5,4,4,7,2,1,2,3,3
경기,용인시,부상자수,"5,116",335,471,352,459,463,377,424,426,461,458,423,467
경기,안성시,사고건수,"1,026",87,80,75,87,73,91,74,84,79,103,99,94
경기,안성시,사망자수,19,2,2,1,0,2,6,2,1,0,3,0,0
경기,안성시,부상자수,"1,740",139,143,153,151,111,146,134,132,137,164,161,169
경기,김포시,사고건수,"1,682",122,136,113,118,137,129,158,149,151,168,173,128
경기,김포시,사망자수,24,1,1,0,2,0,3,1,2,6,3,1,4
경기,김포시,부상자수,"2,664",209,216,178,189,212,179,263,228,232,272,270,216
경기,동두천시,사고건수,406,28,30,31,22,35,35,40,37,43,38,38,29
경기,동두천시,사망자수,11,2,0,1,0,1,2,0,3,1,1,0,0
경기,동두천시,부상자수,576,38,40,38,29,54,47,57,47,59,60,56,51
경기,과천시,사고건수,239,14,19,21,21,24,16,21,22,21,21,23,16
경기,과천시,사망자수,1,0,0,0,1,0,0,0,0,0,0,0,0
경기,과천시,부상자수,385,26,37,31,31,37,35,37,29,35,24,33,30
경기,군포시,사고건수,659,51,56,36,54,62,56,57,48,56,67,63,53
경기,군포시,사망자수,7,0,2,0,0,0,0,0,2,3,0,0,0
경기,군포시,부상자수,954,91,81,53,83,78,89,84,56,73,92,87,87
경기,남양주시,사고건수,"2,431",199,180,172,204,218,227,230,213,194,197,197,200
경기,남양주시,사망자수,41,4,1,4,1,3,4,4,1,2,1,4,12
경기,남양주시,부상자수,"3,903",342,301,254,301,330,378,411,360,321,316,296,293
경기,오산시,사고건수,962,82,68,72,68,85,85,89,67,83,104,64,95
경기,오산시,사망자수,10,1,1,0,0,1,0,2,1,0,0,0,4
경기,오산시,부상자수,"1,409",129,105,103,95,114,120,136,96,115,158,87,151
경기,의왕시,사고건수,444,42,45,23,33,33,38,38,44,45,31,36,36
경기,의왕시,사망자수,5,1,0,0,0,0,0,0,2,1,0,1,0
경기,의왕시,부상자수,726,64,79,34,58,49,49,65,67,116,40,60,45
경기,하남시,사고건수,977,67,65,71,84,112,97,79,69,72,97,90,74
경기,하남시,사망자수,9,0,0,1,1,5,0,1,0,0,0,1,0
경기,하남시,부상자수,"1,443",98,90,109,124,181,127,130,105,109,136,133,101
강원,합계,사고건수,"7,498",588,522,526,593,662,635,663,717,683,678,654,577
강원,합계,사망자수,197,13,9,19,19,14,13,14,20,20,21,14,21
강원,합계,부상자수,"11,922",937,913,821,901,"1,025",983,"1,089","1,208","1,109","1,027","1,034",875
강원,춘천시,사고건수,"1,558",101,96,117,128,138,152,131,135,148,165,124,123
강원,춘천시,사망자수,18,0,1,1,1,0,1,4,4,1,2,1,2
강원,춘천시,부상자수,"2,420",166,154,181,200,214,233,190,212,238,248,217,167
강원,원주시,사고건수,"1,905",181,144,138,152,161,147,151,168,172,173,179,139
강원,원주시,사망자수,20,2,2,2,3,0,1,1,0,1,3,2,3
강원,원주시,부상자수,"3,042",280,244,220,225,239,227,242,289,294,264,299,219
강원,동해시,사고건수,356,26,26,18,22,42,34,31,32,33,31,27,34
강원,동해시,사망자수,5,0,1,0,0,1,0,1,0,0,1,1,0
강원,동해시,부상자수,521,35,39,23,40,59,51,63,48,44,40,35,44
강원,강릉시,사고건수,918,76,78,73,74,74,79,85,72,75,84,82,66
강원,강릉시,사망자수,22,1,0,3,3,2,2,0,3,2,2,1,3
강원,강릉시,부상자수,"1,410",128,126,106,100,116,115,134,103,141,132,106,103
강원,속초시,사고건수,433,37,28,21,36,38,37,44,44,36,40,36,36
강원,속초시,사망자수,6,2,0,0,0,1,1,0,0,0,1,1,0
강원,속초시,부상자수,660,60,44,31,51,49,64,81,68,54,61,43,54
강원,태백시,사고건수,206,12,16,14,16,24,10,18,22,21,20,23,10
강원,태백시,사망자수,10,1,1,2,0,0,1,0,1,2,0,2,0
강원,태백시,부상자수,322,18,20,24,29,42,18,21,45,35,26,34,10
강원,삼척시,사고건수,365,21,17,34,28,39,35,25,41,26,28,31,40
강원,삼척시,사망자수,6,1,0,0,0,1,0,0,0,1,0,1,2
강원,삼척시,부상자수,580,26,26,51,46,72,49,38,72,34,41,53,72
강원,홍천군,사고건수,331,29,20,24,19,23,30,32,34,31,30,32,27
강원,홍천군,사망자수,13,1,0,6,0,3,1,0,0,0,0,1,1
강원,홍천군,부상자수,537,42,24,41,27,27,46,58,58,58,48,69,39
강원,횡성군,사고건수,187,10,9,12,19,13,19,14,25,19,17,22,8
강원,횡성군,사망자수,14,1,0,0,5,1,2,0,1,0,4,0,0
강원,횡성군,부상자수,293,11,16,19,21,15,23,33,50,28,28,28,21
강원,영월군,사고건수,187,14,12,11,22,7,10,19,21,21,16,18,16
강원,영월군,사망자수,11,0,0,1,2,0,2,4,1,1,0,0,0
강원,영월군,부상자수,304,21,24,13,36,9,10,31,40,31,30,34,25
강원,평창군,사고건수,218,13,30,15,15,16,16,18,30,21,14,14,16
강원,평창군,사망자수,15,1,1,1,0,0,0,1,0,3,3,2,3
강원,평창군,부상자수,446,24,81,37,30,31,26,48,69,30,18,20,32
강원,정선군,사고건수,125,17,10,10,7,13,5,13,11,10,10,8,11
강원,정선군,사망자수,8,2,1,0,1,0,0,0,1,0,2,0,1
강원,정선군,부상자수,215,21,40,17,11,21,7,26,16,14,16,11,15
강원,철원군,사고건수,145,9,9,8,9,16,11,21,11,18,8,15,10
강원,철원군,사망자수,5,0,1,0,0,3,1,0,0,0,0,0,0
강원,철원군,부상자수,240,17,14,16,13,21,18,36,21,35,14,23,12
강원,화천군,사고건수,88,13,4,5,7,10,10,6,12,5,5,5,6
강원,화천군,사망자수,9,1,0,0,0,1,0,0,1,1,1,0,4
강원,화천군,부상자수,141,22,8,11,11,14,26,11,16,6,4,5,7
강원,양구군,사고건수,85,5,7,2,5,14,4,9,5,8,8,10,8
강원,양구군,사망자수,5,0,0,1,0,1,0,0,0,1,0,2,0
강원,양구군,부상자수,137,8,11,1,8,23,7,20,6,11,15,14,13
강원,인제군,사고건수,101,9,1,6,12,9,8,11,17,8,4,6,10
강원,인제군,사망자수,10,0,0,2,2,0,0,2,2,1,0,0,1
강원,인제군,부상자수,178,28,1,9,25,18,14,12,29,9,9,9,15
강원,고성군,사고건수,135,7,7,6,8,11,15,16,19,17,8,10,11
강원,고성군,사망자수,12,0,1,0,2,0,0,1,4,3,0,0,1
강원,고성군,부상자수,197,10,15,7,9,18,32,20,27,20,10,13,16
강원,양양군,사고건수,155,8,8,12,14,14,13,19,18,14,17,12,6
강원,양양군,사망자수,8,0,0,0,0,0,1,0,2,3,2,0,0
강원,양양군,부상자수,279,20,26,14,19,37,17,25,39,27,23,21,11
충북,합계,사고건수,"9,618",621,692,763,821,787,818,855,841,820,881,934,785
충북,합계,사망자수,224,12,30,8,18,20,20,20,23,20,17,18,18
충북,합계,부상자수,"15,687","1,040","1,135","1,214","1,344","1,303","1,328","1,385","1,327","1,437","1,397","1,484","1,293"
충북,청주시,사고건수,"5,076",347,366,387,436,424,440,459,447,409,469,478,414
충북,청주시,사망자수,86,6,12,2,10,8,9,6,8,6,6,6,7
충북,청주시,부상자수,"8,161",589,569,607,685,717,721,738,674,735,715,749,662
충북,충주시,사고건수,"1,349",81,101,122,115,112,108,116,86,132,139,123,114
충북,충주시,사망자수,27,2,3,1,0,5,5,3,0,3,0,2,3
충북,충주시,부상자수,"2,229",130,151,197,185,178,159,191,158,230,211,239,200
충북,제천시,사고건수,912,67,60,82,74,76,74,76,88,75,74,102,64
충북,제천시,사망자수,21,1,2,2,0,0,1,4,2,2,2,2,3
충북,제천시,부상자수,"1,575",121,124,139,148,143,134,121,149,119,123,153,101
충북,보은군,사고건수,149,9,5,10,12,11,12,13,18,12,14,18,15
충북,보은군,사망자수,6,0,0,0,0,1,1,0,1,1,1,1,0
충북,보은군,부상자수,224,13,7,14,19,10,21,26,31,17,21,24,21
충북,옥천군,사고건수,228,16,11,15,23,16,14,26,17,26,19,28,17
충북,옥천군,사망자수,11,1,0,0,1,0,1,2,1,1,2,2,0
충북,옥천군,부상자수,340,21,15,22,30,28,20,37,19,49,26,37,36
충북,영동군,사고건수,165,8,11,12,11,15,15,15,15,16,12,21,14
충북,영동군,사망자수,10,0,1,0,1,1,0,2,1,2,2,0,0
충북,영동군,부상자수,221,11,15,16,20,19,16,25,19,18,14,26,22
충북,진천군,사고건수,551,27,47,41,53,31,40,49,50,47,46,59,61
충북,진천군,사망자수,20,0,2,0,4,1,1,2,4,2,2,1,1
충북,진천군,부상자수,882,42,91,68,87,50,63,69,66,99,68,78,101
충북,괴산군,사고건수,239,13,19,18,20,23,24,19,26,25,15,22,15
충북,괴산군,사망자수,14,0,4,0,2,2,0,0,3,0,0,1,2
충북,괴산군,부상자수,426,27,51,32,40,30,37,35,39,46,21,40,28
충북,음성군,사고건수,652,38,50,49,54,55,61,61,64,56,61,57,46
충북,음성군,사망자수,20,2,4,1,0,1,1,0,2,3,1,3,2
충북,음성군,부상자수,"1,148",59,83,85,98,89,114,105,121,82,140,94,78
충북,단양군,사고건수,135,6,13,15,6,13,16,8,17,10,15,11,5
충북,단양군,사망자수,8,0,2,1,0,1,1,1,1,0,1,0,0
충북,단양군,부상자수,223,11,19,21,9,23,24,12,27,19,28,15,15
충북,증평군,사고건수,162,9,9,12,17,11,14,13,13,12,17,15,20
충북,증평군,사망자수,1,0,0,1,0,0,0,0,0,0,0,0,0
충북,증평군,부상자수,258,16,10,13,23,16,19,26,24,23,30,29,29
충남,합계,사고건수,"8,807",596,632,713,773,799,725,745,756,767,831,742,728
충남,합계,사망자수,354,18,21,39,30,21,18,26,30,45,40,35,31
충남,합계,부상자수,"13,283",869,947,"1,048","1,173","1,290","1,056","1,125","1,121","1,162","1,242","1,157","1,093"
충남,천안시,사고건수,"2,914",204,190,252,256,258,233,247,250,244,268,252,260
충남,천안시,사망자수,54,3,3,4,4,3,2,7,5,7,6,6,4
충남,천안시,부상자수,"4,346",286,299,377,400,397,326,363,373,353,393,401,378
충남,아산시,사고건수,762,65,60,65,62,64,52,64,74,70,58,63,65
충남,아산시,사망자수,38,2,2,6,2,2,2,4,3,6,1,5,3
충남,아산시,부상자수,"1,046",96,90,80,86,93,65,88,106,100,82,75,85
충남,보령시,사고건수,347,16,26,32,26,30,35,34,35,26,39,25,23
충남,보령시,사망자수,18,0,2,4,3,1,2,0,1,2,1,1,1
충남,보령시,부상자수,494,21,38,40,30,42,48,45,51,38,72,35,34
충남,공주시,사고건수,630,44,38,47,63,79,51,49,50,50,53,56,50
충남,공주시,사망자수,24,2,2,0,0,2,2,0,2,4,1,3,6
충남,공주시,부상자수,"1,092",63,55,91,124,148,107,84,77,83,86,94,80
충남,서산시,사고건수,797,62,73,65,79,63,64,65,56,57,72,71,70
충남,서산시,사망자수,30,2,2,5,2,0,1,2,4,4,4,2,2
충남,서산시,부상자수,"1,249",102,115,89,128,112,97,94,63,95,103,122,129
충남,금산군,사고건수,164,5,4,8,19,15,21,25,9,16,18,10,14
충남,금산군,사망자수,11,1,0,2,2,2,0,2,0,0,1,1,0
충남,금산군,부상자수,252,6,5,7,26,23,34,47,10,21,30,16,27
충남,태안군,사고건수,322,23,26,13,32,30,28,30,44,26,35,20,15
충남,태안군,사망자수,14,0,2,0,1,1,2,0,0,4,3,1,0
충남,태안군,부상자수,502,31,36,19,47,55,41,54,79,31,47,35,27
충남,논산시,사고건수,463,43,48,34,31,43,40,39,39,49,32,31,34
충남,논산시,사망자수,25,1,2,3,2,1,2,2,1,3,4,0,4
충남,논산시,부상자수,711,66,76,38,54,74,51,46,62,80,63,48,53
충남,부여군,사고건수,222,12,13,14,16,24,19,13,16,24,29,24,18
충남,부여군,사망자수,20,1,1,4,1,0,1,0,0,4,2,3,3
충남,부여군,부상자수,283,24,22,17,17,41,24,17,19,29,30,25,18
충남,서천군,사고건수,326,19,14,35,21,28,24,32,28,33,37,30,25
충남,서천군,사망자수,11,0,1,2,0,1,0,1,1,0,2,2,1
충남,서천군,부상자수,515,36,15,49,30,40,33,56,43,53,61,60,39
충남,청양군,사고건수,175,10,12,13,11,17,13,12,17,25,15,13,17
충남,청양군,사망자수,13,1,0,3,0,1,0,1,0,2,2,2,1
충남,청양군,부상자수,233,14,20,18,16,29,21,19,21,30,13,12,20
충남,홍성군,사고건수,322,20,23,25,27,24,34,26,29,30,41,23,20
충남,홍성군,사망자수,29,2,0,1,1,1,1,3,3,4,6,4,3
충남,홍성군,부상자수,467,26,38,39,29,46,39,37,43,43,67,36,24
충남,예산군,사고건수,439,28,39,30,46,38,29,39,30,45,43,43,29
충남,예산군,사망자수,24,2,1,1,6,1,0,0,2,2,4,4,1
충남,예산군,부상자수,655,33,50,46,66,58,49,63,38,76,63,69,44
충남,당진시,사고건수,853,41,60,78,78,81,77,64,72,65,85,72,80
충남,당진시,사망자수,41,1,3,4,5,5,2,4,8,3,3,1,2
충남,당진시,부상자수,"1,319",61,77,136,113,122,114,104,123,109,122,118,120
충남,계룡시,사고건수,71,4,6,2,6,5,5,6,7,7,6,9,8
충남,계룡시,사망자수,2,0,0,0,1,0,1,0,0,0,0,0,0
충남,계룡시,부상자수,119,4,11,2,7,10,7,8,13,21,10,11,15
전북,합계,사고건수,"6,929",533,489,549,605,599,569,555,585,623,652,626,544
전북,합계,사망자수,246,20,19,12,20,23,19,27,19,25,26,20,16
전북,합계,부상자수,"10,452",796,786,766,877,929,864,815,934,977,957,940,811
전북,전주시,사고건수,"2,259",189,182,180,197,175,169,181,180,214,195,210,187
전북,전주시,사망자수,36,5,3,1,4,2,2,5,2,2,6,2,2
전북,전주시,부상자수,"3,448",288,300,253,276,268,263,279,294,369,286,282,290
전북,군산시,사고건수,"1,066",78,73,83,97,98,88,95,82,76,94,106,96
전북,군산시,사망자수,36,3,3,1,2,4,3,6,2,2,4,1,5
전북,군산시,부상자수,"1,521",106,99,104,147,151,119,128,130,113,133,150,141
전북,정읍시,사고건수,671,53,49,42,48,68,66,56,65,51,71,60,42
전북,정읍시,사망자수,17,1,3,1,0,1,2,0,2,3,3,1,0
전북,정읍시,부상자수,"1,043",69,85,62,64,105,101,95,104,74,119,100,65
전북,남원시,사고건수,313,21,19,19,30,21,25,29,31,34,35,34,15
전북,남원시,사망자수,27,2,1,0,5,1,3,4,2,0,2,6,1
전북,남원시,부상자수,425,24,23,24,38,28,31,35,59,53,46,40,24
전북,김제시,사고건수,448,37,42,42,38,44,26,22,39,50,38,36,34
전북,김제시,사망자수,24,2,3,1,1,3,0,2,2,8,2,0,0
전북,김제시,부상자수,691,61,66,64,61,61,37,32,58,66,61,68,56
전북,완주군,사고건수,268,21,21,24,21,20,26,24,19,21,22,27,22
전북,완주군,사망자수,18,1,1,1,1,2,1,4,1,1,1,2,2
전북,완주군,부상자수,424,33,36,36,38,25,47,36,26,34,37,51,25
전북,진안군,사고건수,50,3,4,4,5,6,3,2,5,6,6,4,2
전북,진안군,사망자수,5,1,1,0,0,2,0,0,0,1,0,0,0
전북,진안군,부상자수,75,3,8,4,6,8,7,4,9,9,9,6,2
전북,무주군,사고건수,128,16,4,13,9,10,12,14,15,10,8,9,8
전북,무주군,사망자수,12,2,0,3,1,1,2,0,1,0,0,2,0
전북,무주군,부상자수,203,34,13,16,18,10,15,23,25,12,14,14,9
전북,장수군,사고건수,56,3,2,5,5,10,7,2,3,6,6,5,2
전북,장수군,사망자수,2,0,0,1,0,0,0,0,0,0,1,0,0
전북,장수군,부상자수,128,3,4,8,7,31,23,2,13,11,9,15,2
전북,임실군,사고건수,93,5,4,4,9,9,11,9,6,13,6,11,6
전북,임실군,사망자수,3,0,0,0,0,1,0,0,1,1,0,0,0
전북,임실군,부상자수,163,6,7,6,13,18,33,16,9,19,11,14,11
전북,순창군,사고건수,120,2,3,17,9,12,14,11,9,10,17,9,7
전북,순창군,사망자수,6,0,0,3,0,1,1,0,0,0,0,1,0
전북,순창군,부상자수,169,2,3,18,10,29,19,12,17,13,25,12,9
전북,고창군,사고건수,127,6,8,10,13,9,17,12,8,14,17,5,8
전북,고창군,사망자수,19,0,0,0,4,1,1,2,1,4,3,1,2
전북,고창군,부상자수,186,11,13,13,17,17,24,18,13,25,21,4,10
전북,부안군,사고건수,281,21,9,25,27,26,27,22,23,30,30,17,24
전북,부안군,사망자수,11,1,0,0,0,0,1,2,2,3,1,1,0
전북,부안군,부상자수,449,39,17,31,38,40,42,37,38,47,51,36,33
전북,익산시,사고건수,"1,049",78,69,81,97,91,78,76,100,88,107,93,91
전북,익산시,사망자수,30,2,4,0,2,4,3,2,3,0,3,3,4
전북,익산시,부상자수,"1,527",117,112,127,144,138,103,98,139,132,135,148,134
전남,합계,사고건수,"9,787",668,665,762,841,843,798,863,859,857,984,843,804
전남,합계,사망자수,330,29,18,27,23,32,23,22,37,34,26,28,31
전남,합계,부상자수,"15,680","1,129","1,052","1,204","1,362","1,376","1,297","1,422","1,382","1,357","1,512","1,319","1,268"
전남,목포시,사고건수,"1,457",99,106,112,106,130,124,119,132,123,148,134,124
전남,목포시,사망자수,17,1,1,1,1,3,0,2,2,2,0,2,2
전남,목포시,부상자수,"2,420",177,167,189,176,219,200,210,199,214,221,240,208
전남,여수시,사고건수,"1,463",127,98,106,120,139,128,128,119,107,161,124,106
전남,여수시,사망자수,33,3,1,3,4,3,1,2,3,2,5,3,3
전남,여수시,부상자수,"2,202",185,152,156,183,227,207,189,182,151,250,169,151
전남,순천시,사고건수,"1,325",87,94,118,123,100,116,130,106,118,115,111,107
전남,순천시,사망자수,32,3,0,2,3,4,3,1,3,7,3,2,1
전남,순천시,부상자수,"2,052",145,169,181,189,154,175,189,169,183,187,154,157
전남,나주시,사고건수,643,39,36,58,52,53,56,60,63,62,56,54,54
전남,나주시,사망자수,23,3,1,2,2,2,1,2,3,1,2,3,1
전남,나주시,부상자수,"1,139",61,60,103,99,85,106,110,107,113,96,91,108
전남,광양시,사고건수,666,44,55,55,63,54,33,70,54,62,68,51,57
전남,광양시,사망자수,15,1,1,1,0,0,3,1,5,0,1,0,2
전남,광양시,부상자수,"1,032",69,96,93,93,78,50,110,76,112,94,81,80
전남,담양군,사고건수,305,18,27,18,28,26,25,25,39,28,30,21,20
전남,담양군,사망자수,16,0,1,0,2,1,2,0,4,2,1,1,2
전남,담양군,부상자수,518,32,47,28,60,39,39,50,62,44,43,39,35
전남,곡성군,사고건수,122,9,3,9,11,22,8,7,10,8,9,14,12
전남,곡성군,사망자수,2,0,0,0,0,0,0,0,1,0,0,0,1
전남,곡성군,부상자수,176,11,3,12,16,44,10,10,12,11,13,19,15
전남,구례군,사고건수,111,6,6,9,11,13,10,8,7,14,11,4,12
전남,구례군,사망자수,9,1,1,0,1,1,1,0,1,1,0,1,1
전남,구례군,부상자수,148,9,7,15,16,16,13,10,11,15,16,3,17
전남,고흥군,사고건수,287,16,18,17,28,24,31,23,28,28,28,27,19
전남,고흥군,사망자수,14,0,0,1,1,0,3,0,4,2,1,0,2
전남,고흥군,부상자수,435,31,24,21,42,45,43,37,44,46,35,44,23
전남,보성군,사고건수,273,13,23,24,23,28,14,21,21,23,26,28,29
전남,보성군,사망자수,13,1,2,2,0,1,0,1,0,0,1,4,1
전남,보성군,부상자수,429,32,33,39,35,41,20,41,32,34,35,39,48
전남,화순군,사고건수,299,28,16,28,20,17,35,25,30,22,32,15,31
전남,화순군,사망자수,11,0,1,0,0,0,3,1,0,2,0,0,4
전남,화순군,부상자수,574,49,21,51,35,32,82,43,60,52,52,36,61
전남,장흥군,사고건수,273,27,16,24,29,27,17,19,20,22,35,20,17
전남,장흥군,사망자수,13,3,0,3,2,0,1,0,1,2,0,0,1
전남,장흥군,부상자수,427,51,22,36,47,40,23,26,34,30,59,32,27
전남,강진군,사고건수,302,21,12,13,22,24,33,20,28,46,28,27,28
전남,강진군,사망자수,14,2,0,1,1,2,1,1,1,2,0,1,2
전남,강진군,부상자수,536,29,25,28,39,44,59,29,68,63,45,55,52
전남,해남군,사고건수,366,19,23,28,30,30,33,26,33,33,40,41,30
전남,해남군,사망자수,17,0,3,1,1,1,1,0,1,3,1,3,2
전남,해남군,부상자수,552,34,30,43,46,48,48,47,51,46,56,55,48
전남,영암군,사고건수,488,30,40,42,56,38,35,49,29,25,48,45,51
전남,영암군,사망자수,24,3,1,0,2,8,2,1,1,0,2,3,1
전남,영암군,부상자수,863,61,62,75,96,71,66,93,58,52,81,66,82
전남,무안군,사고건수,350,29,25,30,22,31,22,34,31,31,42,22,31
전남,무안군,사망자수,17,2,1,2,0,4,0,1,1,2,3,1,0
전남,무안군,부상자수,520,49,30,37,32,59,35,49,41,39,65,31,53
전남,함평군,사고건수,209,9,18,21,22,15,15,17,18,16,22,19,17
전남,함평군,사망자수,6,1,1,2,1,0,0,0,0,0,0,0,1
전남,함평군,부상자수,358,21,35,26,36,25,30,43,31,23,30,31,27
전남,영광군,사고건수,245,16,17,18,19,20,15,23,30,27,19,22,19
전남,영광군,사망자수,16,1,1,3,2,0,0,1,2,4,0,0,2
전남,영광군,부상자수,361,29,24,24,25,26,22,38,55,34,32,31,21
전남,장성군,사고건수,225,14,12,11,22,18,22,21,19,30,21,23,12
전남,장성군,사망자수,8,1,1,1,0,1,0,2,0,0,1,0,1
전남,장성군,부상자수,367,17,17,19,32,33,37,34,30,47,44,40,17
전남,완도군,사고건수,167,7,12,9,18,16,14,16,9,16,21,17,12
전남,완도군,사망자수,13,3,1,1,0,0,0,2,1,1,1,2,1
전남,완도군,부상자수,233,11,14,13,24,19,16,30,12,22,31,22,19
전남,진도군,사고건수,123,9,5,6,10,13,8,11,21,11,9,12,8
전남,진도군,사망자수,6,0,0,0,0,0,1,1,2,1,1,0,0
전남,진도군,부상자수,221,24,8,7,33,23,10,22,33,18,9,23,11
전남,신안군,사고건수,88,1,3,6,6,5,4,11,12,5,15,12,8
전남,신안군,사망자수,11,0,0,1,0,1,0,3,1,0,3,2,0
전남,신안군,부상자수,117,2,6,8,8,8,6,12,15,8,18,18,8
경북,합계,사고건수,"13,966","1,023",961,"1,097","1,204","1,212","1,169","1,240","1,236","1,223","1,282","1,200","1,119"
경북,합계,사망자수,409,24,29,25,29,38,27,33,41,39,61,26,37
경북,합계,부상자수,"20,919","1,563","1,470","1,609","1,839","1,819","1,691","1,868","1,934","1,864","1,894","1,724","1,644"
경북,포항시,사고건수,"2,762",224,213,246,238,242,198,237,227,220,254,240,223
경북,포항시,사망자수,53,4,2,4,1,6,4,3,6,6,9,2,6
경북,포항시,부상자수,"4,150",353,324,385,343,359,275,351,375,341,387,329,328
경북,경주시,사고건수,"1,626",109,104,122,172,130,119,153,151,151,145,136,134
경북,경주시,사망자수,45,3,4,2,4,7,0,2,6,4,2,3,8
경북,경주시,부상자수,"2,529",167,161,177,292,209,156,230,239,235,231,220,212
경북,김천시,사고건수,615,46,38,55,52,52,56,45,62,47,59,53,50
경북,김천시,사망자수,19,2,1,1,1,2,2,1,0,0,5,3,1
경북,김천시,부상자수,830,63,45,86,64,60,86,60,81,62,87,71,65
경북,안동시,사고건수,948,70,67,63,86,75,74,80,85,88,93,88,79
경북,안동시,사망자수,25,1,2,3,1,3,2,2,3,3,3,0,2
경북,안동시,부상자수,"1,430",114,106,90,131,127,129,116,117,129,133,136,102
경북,구미시,사고건수,"1,919",147,132,151,158,170,180,182,178,173,150,145,153
경북,구미시,사망자수,38,2,0,1,3,7,3,5,6,1,4,1,5
경북,구미시,부상자수,"2,836",205,206,234,254,239,235,293,259,274,200,220,217
경북,영주시,사고건수,537,43,37,26,43,49,50,41,46,62,54,49,37
경북,영주시,사망자수,10,1,0,0,0,1,1,1,1,3,2,0,0
경북,영주시,부상자수,760,58,56,31,62,67,66,64,64,88,83,65,56
경북,영천시,사고건수,721,52,49,54,52,59,52,59,69,59,78,66,72
경북,영천시,사망자수,20,1,1,0,1,0,2,0,5,2,3,4,1
경북,영천시,부상자수,"1,228",89,96,91,82,108,98,103,118,97,123,97,126
경북,문경시,사고건수,439,33,34,29,36,34,39,32,38,48,39,40,37
경북,문경시,사망자수,13,1,1,2,0,0,1,0,0,3,2,0,3
경북,문경시,부상자수,732,66,58,37,71,59,55,62,69,80,67,55,53
경북,상주시,사고건수,604,33,48,54,49,58,59,50,47,61,61,46,38
경북,상주시,사망자수,34,0,6,1,4,3,0,3,2,3,9,3,0
경북,상주시,부상자수,854,47,66,64,66,82,78,64,80,99,91,57,60
경북,군위군,사고건수,86,2,3,5,9,5,10,8,10,11,10,6,7
경북,군위군,사망자수,7,0,0,0,0,0,1,1,0,1,2,0,2
경북,군위군,부상자수,137,2,3,9,13,11,10,12,17,11,14,23,12
경북,의성군,사고건수,253,19,15,25,17,23,29,25,21,13,27,28,11
경북,의성군,사망자수,9,1,1,0,2,0,0,2,1,0,2,0,0
경북,의성군,부상자수,351,27,20,32,22,28,42,33,35,15,39,43,15
경북,청송군,사고건수,95,5,5,4,12,6,13,7,5,9,12,9,8
경북,청송군,사망자수,10,0,0,0,2,0,2,1,0,2,2,1,0
경북,청송군,부상자수,142,7,9,7,14,14,17,17,5,12,18,10,12
경북,영양군,사고건수,86,5,6,3,8,7,9,10,15,13,1,2,7
경북,영양군,사망자수,1,0,0,0,0,0,0,0,0,1,0,0,0
경북,영양군,부상자수,118,6,7,3,10,9,10,12,27,23,2,2,7
경북,영덕군,사고건수,264,25,12,14,30,17,24,26,18,29,33,18,18
경북,영덕군,사망자수,11,0,0,1,2,0,1,0,0,2,5,0,0
경북,영덕군,부상자수,440,44,16,18,48,28,38,51,38,41,52,27,39
경북,청도군,사고건수,221,15,16,20,13,18,17,32,20,19,22,17,12
경북,청도군,사망자수,15,0,1,2,1,1,0,5,0,0,2,1,2
경북,청도군,부상자수,361,24,24,43,24,33,28,40,33,40,31,29,12
경북,고령군,사고건수,189,19,12,12,12,20,22,11,12,19,25,16,9
경북,고령군,사망자수,11,1,0,0,1,1,2,0,2,0,3,1,0
경북,고령군,부상자수,277,33,19,16,13,37,35,17,14,31,31,19,12
경북,성주군,사고건수,277,20,21,17,25,25,26,30,25,31,16,21,20
경북,성주군,사망자수,13,0,1,1,1,3,1,2,0,1,0,2,1
경북,성주군,부상자수,396,30,26,20,36,36,31,38,47,53,21,30,28
경북,칠곡군,사고건수,703,45,52,68,54,61,56,64,76,45,54,71,57
경북,칠곡군,사망자수,17,2,1,0,2,0,1,4,2,2,1,1,1
경북,칠곡군,부상자수,"1,102",72,90,100,93,88,110,92,123,70,79,104,81
경북,예천군,사고건수,188,12,15,11,15,17,18,13,18,14,24,13,18
경북,예천군,사망자수,9,0,0,1,0,2,0,0,0,1,2,2,1
경북,예천군,부상자수,259,16,26,13,17,20,28,19,26,19,36,13,26
경북,봉화군,사고건수,149,11,8,8,13,17,7,15,13,14,12,18,13
경북,봉화군,사망자수,1,1,0,0,0,0,0,0,0,0,0,0,0
경북,봉화군,부상자수,257,21,22,11,22,30,10,25,29,17,18,31,21
경북,울진군,사고건수,149,9,9,8,12,13,16,10,14,11,11,18,18
경북,울진군,사망자수,8,0,3,1,0,0,1,1,1,1,0,0,0
경북,울진군,부상자수,204,9,12,7,21,17,23,18,22,11,15,24,25
경북,울릉군,사고건수,22,1,-,2,3,2,3,3,4,1,1,-,2
경북,울릉군,사망자수,1,0,-,0,1,0,0,0,0,0,0,-,0
경북,울릉군,부상자수,33,1,-,2,8,2,5,6,4,1,1,-,3
경북,경산시,사고건수,"1,113",78,65,100,95,112,92,107,82,85,101,100,96
경북,경산시,사망자수,39,4,5,5,2,2,3,0,6,3,3,2,4
경북,경산시,부상자수,"1,493",109,78,133,133,156,126,145,112,115,135,119,132
경남,합계,사고건수,"11,493",859,807,952,958,968,967,996,961,970,"1,091",990,974
경남,합계,사망자수,333,21,22,28,25,23,30,31,35,30,28,28,32
경남,합계,부상자수,"16,454","1,230","1,132","1,349","1,366","1,364","1,408","1,416","1,399","1,396","1,564","1,422","1,408"
경남,진주시,사고건수,825,57,58,52,65,74,88,66,77,71,87,74,56
경남,진주시,사망자수,23,0,1,2,1,2,1,4,3,3,2,0,4
경남,진주시,부상자수,"1,073",66,93,80,93,92,117,80,92,88,102,102,68
경남,통영시,사고건수,684,56,52,50,52,60,49,66,61,56,59,55,68
경남,통영시,사망자수,16,1,2,3,0,2,1,1,3,0,2,0,1
경남,통영시,부상자수,"1,023",84,73,73,73,93,74,101,90,78,85,79,120
경남,김해시,사고건수,"2,052",154,140,168,181,176,171,178,168,168,193,164,191
경남,김해시,사망자수,35,2,5,2,5,1,2,6,2,2,2,3,3
경남,김해시,부상자수,"3,040",234,199,265,280,251,240,273,248,243,305,220,282
경남,밀양시,사고건수,371,26,21,25,31,29,38,36,36,26,42,31,30
경남,밀양시,사망자수,15,1,0,0,0,2,3,3,3,1,1,0,1
경남,밀양시,부상자수,541,31,39,36,45,37,67,44,53,35,61,45,48
경남,거제시,사고건수,856,71,57,83,76,67,77,64,63,70,77,74,77
경남,거제시,사망자수,11,0,0,2,1,0,0,1,1,1,2,1,2
경남,거제시,부상자수,"1,171",110,79,106,98,97,115,87,88,90,91,101,109
경남,의령군,사고건수,130,13,7,7,8,6,14,15,10,12,16,14,8
경남,의령군,사망자수,10,0,0,1,1,0,1,1,1,0,2,2,1
경남,의령군,부상자수,176,18,10,11,11,7,13,28,13,19,19,18,9
경남,함안군,사고건수,273,28,22,15,23,30,24,23,18,16,26,21,27
경남,함안군,사망자수,25,4,1,0,3,1,1,3,1,6,2,2,1
경남,함안군,부상자수,383,38,27,22,36,42,32,29,30,20,43,31,33
경남,창녕군,사고건수,336,22,33,28,20,32,33,37,20,32,34,21,24
경남,창녕군,사망자수,14,0,1,3,0,1,1,1,1,1,2,1,2
경남,창녕군,부상자수,502,36,60,41,30,41,51,53,30,49,51,28,32
경남,양산시,사고건수,"1,106",82,84,103,84,78,93,88,118,91,109,85,91
경남,양산시,사망자수,27,3,2,0,1,2,7,0,5,1,0,2,4
경남,양산시,부상자수,"1,612",132,119,138,123,119,131,122,183,129,150,140,126
경남,고성군,사고건수,243,27,8,26,25,21,16,13,12,19,21,27,28
경남,고성군,사망자수,21,3,0,3,3,0,0,0,0,6,2,1,3
경남,고성군,부상자수,352,36,9,34,32,31,23,18,16,39,28,39,47
경남,사천시,사고건수,607,36,35,37,45,56,51,48,61,69,62,63,44
경남,사천시,사망자수,13,0,1,1,1,1,1,1,2,0,2,3,0
경남,사천시,부상자수,973,63,46,59,75,85,83,80,101,105,97,105,74
경남,남해군,사고건수,187,13,12,19,19,19,11,16,16,12,14,23,13
경남,남해군,사망자수,6,0,0,0,0,0,0,2,0,1,1,2,0
경남,남해군,부상자수,276,19,16,24,30,37,12,22,29,19,25,26,17
경남,하동군,사고건수,149,8,14,10,16,6,22,14,8,15,13,10,13
경남,하동군,사망자수,10,0,1,3,0,0,1,0,2,1,0,1,1
경남,하동군,부상자수,191,10,22,11,20,6,25,22,10,19,17,12,17
경남,산청군,사고건수,183,12,6,15,14,23,12,26,17,14,13,19,12
경남,산청군,사망자수,11,1,0,2,1,1,2,1,0,0,2,0,1
경남,산청군,부상자수,280,15,7,20,19,33,17,44,37,27,17,25,19
경남,함양군,사고건수,165,9,11,12,14,23,17,13,15,15,12,14,10
경남,함양군,사망자수,15,0,2,0,0,3,5,0,1,1,1,1,1
경남,함양군,부상자수,263,12,22,21,25,35,29,22,15,28,20,18,16
경남,거창군,사고건수,242,15,20,22,26,20,16,24,16,27,16,20,20
경남,거창군,사망자수,8,0,0,0,2,1,0,2,2,0,0,1,0
경남,거창군,부상자수,324,17,26,31,31,30,24,26,29,38,26,22,24
경남,합천군,사고건수,168,14,16,15,10,16,11,16,9,20,14,15,12
경남,합천군,사망자수,9,1,1,2,0,1,0,0,1,3,0,0,0
경남,합천군,부상자수,221,17,19,14,15,17,18,24,9,26,17,31,14
경남,창원시(통합),사고건수,"2,916",216,211,265,249,232,224,253,236,237,283,260,250
경남,창원시(통합),사망자수,64,5,5,4,6,5,4,5,7,3,5,8,7
경남,창원시(통합),부상자수,"4,053",292,266,363,330,311,337,341,326,344,410,380,353
제주,합계,사고건수,"4,239",331,269,371,332,351,391,383,377,338,355,402,339
제주,합계,사망자수,82,11,7,5,6,2,4,9,6,2,10,13,7
제주,합계,부상자수,"6,611",548,455,560,504,533,615,586,627,546,532,606,499
제주,제주시,사고건수,"3,003",234,189,262,231,258,292,277,266,235,261,274,224
제주,제주시,사망자수,42,8,3,2,5,0,3,4,4,1,4,5,3
제주,제주시,부상자수,"4,531",363,325,375,333,394,446,408,430,365,382,388,322
제주,서귀포시,사고건수,"1,236",97,80,109,101,93,99,106,111,103,94,128,115
제주,서귀포시,사망자수,40,3,4,3,1,2,1,5,2,1,6,8,4
제주,서귀포시,부상자수,"2,080",185,130,185,171,139,169,178,197,181,150,218,177
출처) 도로교통공단.,,,,,,,,,,,,,,,
